Workbook

Sheet Sheet1
A1: TransID | B1: Date | C1: RepID | D1: ProductID | E1: Qty | F1: REP NAME | G1: REGION | H1: UNIT PRICE | I1: TOTAL REVENUE
A2: TX-1001 | B2: 45231 | C2: R-001 | D2: P-500 | E2: 5 | F2: =_xlfn.XLOOKUP(Table1[[#This Row],[RepID]],Sheet2!$A$1:$A$6,Sheet2!$B$1:$B$6,"NOT FOUND",0,1) -> Alice Smith | G2: =_xlfn.XLOOKUP(Table1[[#This Row],[RepID]],Sheet2!$A$1:$A$6,Sheet2!$C$1:$C$6,"NOT FOUND",0) -> North | H2: =_xlfn.XLOOKUP(Table1[[#This Row],[ProductID]],Sheet3!$A$1:$A$5,Sheet3!$C$1:$C$5,"NOT FOUND",0) -> 25 | I2: =Table1[[#This Row],[Qty]]*Table1[[#This Row],[UNIT PRICE]] -> 125
A3: TX-1002 | B3: 45231 | C3: R-002 | D3: P-505 | E3: 2 | F3: =_xlfn.XLOOKUP(Table1[[#This Row],[RepID]],Sheet2!$A$1:$A$6,Sheet2!$B$1:$B$6,"NOT FOUND",0,1) -> Bob Jones | G3: =_xlfn.XLOOKUP(Table1[[#This Row],[RepID]],Sheet2!$A$1:$A$6,Sheet2!$C$1:$C$6,"NOT FOUND",0) -> South | H3: =_xlfn.XLOOKUP(Table1[[#This Row],[ProductID]],Sheet3!$A$1:$A$5,Sheet3!$C$1:$C$5,"NOT FOUND",0) -> 30 | I3: =Table1[[#This Row],[Qty]]*Table1[[#This Row],[UNIT PRICE]] -> 60
A4: TX-1003 | B4: 45232 | C4: R-003 | D4: P-500 | E4: 1 | F4: =_xlfn.XLOOKUP(Table1[[#This Row],[RepID]],Sheet2!$A$1:$A$6,Sheet2!$B$1:$B$6,"NOT FOUND",0,1) -> Charlie Day | G4: =_xlfn.XLOOKUP(Table1[[#This Row],[RepID]],Sheet2!$A$1:$A$6,Sheet2!$C$1:$C$6,"NOT FOUND",0) -> East | H4: =_xlfn.XLOOKUP(Table1[[#This Row],[ProductID]],Sheet3!$A$1:$A$5,Sheet3!$C$1:$C$5,"NOT FOUND",0) -> 25 | I4: =Table1[[#This Row],[Qty]]*Table1[[#This Row],[UNIT PRICE]] -> 25
A5: TX-1004 | B5: 45232 | C5: R-001 | D5: P-502 | E5: 10 | F5: =_xlfn.XLOOKUP(Table1[[#This Row],[RepID]],Sheet2!$A$1:$A$6,Sheet2!$B$1:$B$6,"NOT FOUND",0,1) -> Alice Smith | G5: =_xlfn.XLOOKUP(Table1[[#This Row],[RepID]],Sheet2!$A$1:$A$6,Sheet2!$C$1:$C$6,"NOT FOUND",0) -> North | H5: =_xlfn.XLOOKUP(Table1[[#This Row],[ProductID]],Sheet3!$A$1:$A$5,Sheet3!$C$1:$C$5,"NOT FOUND",0) -> 15 | I5: =Table1[[#This Row],[Qty]]*Table1[[#This Row],[UNIT PRICE]] -> 150
A6: TX-1005 | B6: 45233 | C6: R-004 | D6: P-505 | E6: 3 | F6: =_xlfn.XLOOKUP(Table1[[#This Row],[RepID]],Sheet2!$A$1:$A$6,Sheet2!$B$1:$B$6,"NOT FOUND",0,1) -> Diana Prince | G6: =_xlfn.XLOOKUP(Table1[[#This Row],[RepID]],Sheet2!$A$1:$A$6,Sheet2!$C$1:$C$6,"NOT FOUND",0) -> West | H6: =_xlfn.XLOOKUP(Table1[[#This Row],[ProductID]],Sheet3!$A$1:$A$5,Sheet3!$C$1:$C$5,"NOT FOUND",0) -> 30 | I6: =Table1[[#This Row],[Qty]]*Table1[[#This Row],[UNIT PRICE]] -> 90
A7: TX-1006 | B7: 45233 | C7: R-002 | D7: P-501 | E7: 4 | F7: =_xlfn.XLOOKUP(Table1[[#This Row],[RepID]],Sheet2!$A$1:$A$6,Sheet2!$B$1:$B$6,"NOT FOUND",0,1) -> Bob Jones | G7: =_xlfn.XLOOKUP(Table1[[#This Row],[RepID]],Sheet2!$A$1:$A$6,Sheet2!$C$1:$C$6,"NOT FOUND",0) -> South | H7: =_xlfn.XLOOKUP(Table1[[#This Row],[ProductID]],Sheet3!$A$1:$A$5,Sheet3!$C$1:$C$5,"NOT FOUND",0) -> 45 | I7: =Table1[[#This Row],[Qty]]*Table1[[#This Row],[UNIT PRICE]] -> 180
A8: TX-1007 | B8: 45234 | C8: R-003 | D8: P-502 | E8: 2 | F8: =_xlfn.XLOOKUP(Table1[[#This Row],[RepID]],Sheet2!$A$1:$A$6,Sheet2!$B$1:$B$6,"NOT FOUND",0,1) -> Charlie Day | G8: =_xlfn.XLOOKUP(Table1[[#This Row],[RepID]],Sheet2!$A$1:$A$6,Sheet2!$C$1:$C$6,"NOT FOUND",0) -> East | H8: =_xlfn.XLOOKUP(Table1[[#This Row],[ProductID]],Sheet3!$A$1:$A$5,Sheet3!$C$1:$C$5,"NOT FOUND",0) -> 15 | I8: =Table1[[#This Row],[Qty]]*Table1[[#This Row],[UNIT PRICE]] -> 30
A9: TX-1008 | B9: 45235 | C9: R-005 | D9: P-500 | E9: 6 | F9: =_xlfn.XLOOKUP(Table1[[#This Row],[RepID]],Sheet2!$A$1:$A$6,Sheet2!$B$1:$B$6,"NOT FOUND",0,1) -> Ethan Hunt | G9: =_xlfn.XLOOKUP(Table1[[#This Row],[RepID]],Sheet2!$A$1:$A$6,Sheet2!$C$1:$C$6,"NOT FOUND",0) -> North | H9: =_xlfn.XLOOKUP(Table1[[#This Row],[ProductID]],Sheet3!$A$1:$A$5,Sheet3!$C$1:$C$5,"NOT FOUND",0) -> 25 | I9: =Table1[[#This Row],[Qty]]*Table1[[#This Row],[UNIT PRICE]] -> 150
A10: TX-1009 | B10: 45235 | C10: R-001 | D10: P-505 | E10: 1 | F10: =_xlfn.XLOOKUP(Table1[[#This Row],[RepID]],Sheet2!$A$1:$A$6,Sheet2!$B$1:$B$6,"NOT FOUND",0,1) -> Alice Smith | G10: =_xlfn.XLOOKUP(Table1[[#This Row],[RepID]],Sheet2!$A$1:$A$6,Sheet2!$C$1:$C$6,"NOT FOUND",0) -> North | H10: =_xlfn.XLOOKUP(Table1[[#This Row],[ProductID]],Sheet3!$A$1:$A$5,Sheet3!$C$1:$C$5,"NOT FOUND",0) -> 30 | I10: =Table1[[#This Row],[Qty]]*Table1[[#This Row],[UNIT PRICE]] -> 30
A11: TX-1010 | B11: 45236 | C11: R-004 | D11: P-501 | E11: 8 | F11: =_xlfn.XLOOKUP(Table1[[#This Row],[RepID]],Sheet2!$A$1:$A$6,Sheet2!$B$1:$B$6,"NOT FOUND",0,1) -> Diana Prince | G11: =_xlfn.XLOOKUP(Table1[[#This Row],[RepID]],Sheet2!$A$1:$A$6,Sheet2!$C$1:$C$6,"NOT FOUND",0) -> West | H11: =_xlfn.XLOOKUP(Table1[[#This Row],[ProductID]],Sheet3!$A$1:$A$5,Sheet3!$C$1:$C$5,"NOT FOUND",0) -> 45 | I11: =Table1[[#This Row],[Qty]]*Table1[[#This Row],[UNIT PRICE]] -> 360
A12: TX-1011 | B12: 45236 | C12: R-005 | D12: P-502 | E12: 3 | F12: =_xlfn.XLOOKUP(Table1[[#This Row],[RepID]],Sheet2!$A$1:$A$6,Sheet2!$B$1:$B$6,"NOT FOUND",0,1) -> Ethan Hunt | G12: =_xlfn.XLOOKUP(Table1[[#This Row],[RepID]],Sheet2!$A$1:$A$6,Sheet2!$C$1:$C$6,"NOT FOUND",0) -> North | H12: =_xlfn.XLOOKUP(Table1[[#This Row],[ProductID]],Sheet3!$A$1:$A$5,Sheet3!$C$1:$C$5,"NOT FOUND",0) -> 15 | I12: =Table1[[#This Row],[Qty]]*Table1[[#This Row],[UNIT PRICE]] -> 45
A13: TX-1012 | B13: 45237 | C13: R-002 | D13: P-500 | E13: 4 | F13: =_xlfn.XLOOKUP(Table1[[#This Row],[RepID]],Sheet2!$A$1:$A$6,Sheet2!$B$1:$B$6,"NOT FOUND",0,1) -> Bob Jones | G13: =_xlfn.XLOOKUP(Table1[[#This Row],[RepID]],Sheet2!$A$1:$A$6,Sheet2!$C$1:$C$6,"NOT FOUND",0) -> South | H13: =_xlfn.XLOOKUP(Table1[[#This Row],[ProductID]],Sheet3!$A$1:$A$5,Sheet3!$C$1:$C$5,"NOT FOUND",0) -> 25 | I13: =Table1[[#This Row],[Qty]]*Table1[[#This Row],[UNIT PRICE]] -> 100
... A16: TX-1015 | B16: 45238 | C16: R-004 | D16: P-502 | E16: 7 | F16: =_xlfn.XLOOKUP(Table1[[#This Row],[RepID]],Sheet2!$A$1:$A$6,Sheet2!$B$1:$B$6,"NOT FOUND",0,1) -> Diana Prince | G16: =_xlfn.XLOOKUP(Table1[[#This Row],[RepID]],Sheet2!$A$1:$A$6,Sheet2!$C$1:$C$6,"NOT FOUND",0) -> West | H16: =_xlfn.XLOOKUP(Table1[[#This Row],[ProductID]],Sheet3!$A$1:$A$5,Sheet3!$C$1:$C$5,"NOT FOUND",0) -> 15 | I16: =Table1[[#This Row],[Qty]]*Table1[[#This Row],[UNIT PRICE]] -> 105

Sheet Sheet2
A1: RepID | B1: RepName | C1: Region
A2: R-001 | B2: Alice Smith | C2: North
A3: R-002 | B3: Bob Jones | C3: South
A4: R-003 | B4: Charlie Day | C4: East
A5: R-004 | B5: Diana Prince | C5: West
A6: R-005 | B6: Ethan Hunt | C6: North

Sheet Sheet3
A1: ProductID | B1: ProductName | C1: UnitPrice
A2: P-500 | B2: Pro Widget | C2: 25
A3: P-501 | B3: Mega Gadget | C3: 45
A4: P-502 | B4: Ultra Gizmo | C4: 15
A5: P-505 | B5: Power Pack | C5: 30
